<?xml version='1.0' encoding='utf-8' standalone='yes' ?>
<map>
    <long name="first_open_time" value="1765357500945" />
    <string name="gmp_app_id">1:316307921704:android:1d475724805ec28e5a8e1d</string>
    <string name="app_instance_id">16a280ef5fee9ae00d5001a7a9768cf4</string>
    <long name="session_id" value="1765357501" />
    <boolean name="app_backgrounded" value="true" />
    <long name="health_monitor:start" value="1765357501209" />
    <boolean name="use_service" value="true" />
    <boolean name="deferred_analytics_collection" value="false" />
    <string name="previous_os_version">13</string>
    <boolean name="has_been_opened" value="true" />
    <boolean name="allow_remote_dynamite" value="true" />
    <long name="last_pause_time" value="1765358014516" />
    <boolean name="start_new_session" value="false" />
</map>
