<?xml version='1.0' encoding='utf-8' standalone='yes' ?>
<map>
    <set name="fire-transport/18.2.0 fire-installations/18.0.0 fire-auth/23.0.0 device-brand/Redmi android-min-sdk/23 fire-rc/22.0.0 device-model/spes fire-abt/21.1.1 fire-android/33 fire-core/21.0.0 fire-core-ktx/21.0.0 fire-analytics/22.0.2 android-installer/com.google.android.packageinstaller fire-fst/25.0.0 kotlin/1.9.10 android-platform/ fire-fcm/24.0.0 android-target-sdk/35 device-name/spes_global">
        <string>2025-12-10</string>
    </set>
    <long name="fire-count" value="1" />
    <string name="last-used-date">2025-12-10</string>
    <long name="fire-global" value="1765357500993" />
</map>
