{"Fid":"dgsOlrguQOaerwu4sqBp_9","Status":3,"AuthToken":"eyJhbGciOiJFUzI1NiIsInR5cCI6IkpXVCJ9.eyJhcHBJZCI6IjE6MzE2MzA3OTIxNzA0OmFuZHJvaWQ6MWQ0NzU3MjQ4MDVlYzI4ZTVhOGUxZCIsImV4cCI6MTc2NDQzOTkyNiwiZmlkIjoiZGdzT2xyZ3VRT2Flcnd1NHNxQnBfOSIsInByb2plY3ROdW1iZXIiOjMxNjMwNzkyMTcwNH0.AB2LPV8wRQIgQsw-Rro5MABB3U-RYS22Pozs90-VCHaKHvVxFTKGiD8CIQCukAz_0n3gLtxLU9EUrT42WSu4U_Z9aoFgg4XCgTCpFA","RefreshToken":"3_AS3qfwKsulose-mdKVea22ElYeL4hKbI7sfXkQCc-C_YGcfX8WvHAQgQ1_0F6TZ2HtdnH_fGRahWlwUjF-9YEY6SOKKdN_f33WIaoCwvSRSth-Q","TokenCreationEpochInSecs":1763835127,"ExpiresInSecs":604800}