{"Fid":"dr2rZUkuS0qGr77gnC0Xrz","Status":3,"AuthToken":"eyJhbGciOiJFUzI1NiIsInR5cCI6IkpXVCJ9.eyJhcHBJZCI6IjE6MzE2MzA3OTIxNzA0OmFuZHJvaWQ6MWQ0NzU3MjQ4MDVlYzI4ZTVhOGUxZCIsImV4cCI6MTc2MjMyMjk4NCwiZmlkIjoiZHIyclpVa3VTMHFHcjc3Z25DMFhyeiIsInByb2plY3ROdW1iZXIiOjMxNjMwNzkyMTcwNH0.AB2LPV8wRQIhAKAAB12OvrMMF5xv3yCgjg3tfGVAxFoFgXYo3HmMUsa9AiBl6OOz7NfndPBoKf8bAdnF6qruG0730zcnT-pzshsvIw","RefreshToken":"3_AS3qfwKayxXEBiG-GiIBkVU_EQ_MGBiuegqz7fOzdhrPAnjEMAx9GCz1X0tQrQmZp2afstDsQjwioHePp85rV6sIEuadRWOZyS1d0qzo06rVMg","TokenCreationEpochInSecs":1761718184,"ExpiresInSecs":604800}