{"Fid":"d_U2EOMFQECMawZ0bSe1-v","Status":3,"AuthToken":"eyJhbGciOiJFUzI1NiIsInR5cCI6IkpXVCJ9.eyJhcHBJZCI6IjE6MzE2MzA3OTIxNzA0OmFuZHJvaWQ6MWQ0NzU3MjQ4MDVlYzI4ZTVhOGUxZCIsImV4cCI6MTc2NTk2MjMwNCwiZmlkIjoiZF9VMkVPTUZRRUNNYXdaMGJTZTEtdiIsInByb2plY3ROdW1iZXIiOjMxNjMwNzkyMTcwNH0.AB2LPV8wRgIhAJ7BcmA6BIFIFsAjkO4m6XXu1uMTUNTUrfYqs3rZ7G2CAiEA2nIspkoUjQtK-Np_-qOptTEWfX2NLXX7W6EC5BI4KJA","RefreshToken":"3_AS3qfwIXUf7hFgQYZFLf2r-RWTze9pLznputgtxXRE_YRZVVaDhhHKouzjH_JUb-qgqnEP86PO5Q78ncMfsUvEPZY4D2SXF8D_stiSj4ZnADgw","TokenCreationEpochInSecs":1765357503,"ExpiresInSecs":604800}